lunch_name,taste,meatiness,sweetness,healthiness
čočka na kyselo vejce vařené čalamáda,42,0,0,60
rizoto z drůbežího masa sypané sýrem červená řepa,51,20,0,50
rybí nugety z aljašské tresky bramborová kaše salátová okurka,67,20,0,40
zapečený květák s uzeným sýrem brambory vařené s petrželkou kapie,26,20,0,55
námořnické maso rýže dušená,50,35,0,45
pohanková kaše slazená medem sypanám kakaem ovocný kompot horká čokoláda,45,0,40,30
dušené hovězí maso s paprikami a tarhoňou,35,40,0,50
těstoviny s brokolicí a nivou rajče,21,0,0,65
chlupaté knedlíky se zelím,45,0,0,45
bulgur se zeleninou sypané sýrem rajče,30,0,0,60
rybí nugety z aljašské tresky bramborová kaše,67,20,0,40
plovdivské maso těstoviny vařené,54,40,0,45
milánské špagety s luštěninovou směsí a sýrem,39,10,0,50
brambor.špalíčky se zelím a trhaném kachním masem,57,45,0,40
vepřová kýta na paprice těstoviny vařené,52,45,0,45
štěpánská vepřová pečeně houskové knedlíky s žemlí,55,40,0,50
krůtí svíčková na smetaně houskové knedlíky domácí,70,40,0,55
srbské rizoto červená řepa,51,15,0,45
luštěninové rizoto s kroupami a vepřovým masem čalamáda,38,30,0,40
brambory po milánsku nakládaná cibulka,26,0,0,50
vepřová panenka na slanince brambory šťouchané s jarní cibulkou,60,55,0,50
kuřecí roláda bramborová kaše okurka sterilovaná,62,35,0,50
karbanátky pečené bramborová kaše salátová okurka,68,40,0,40
obalovaný losos s medem a hořčicí brambory vařené rajče,58,20,10,50
kantonské nudle s kuřecím masem listy ledového salátu,45,30,0,50
bramborové taštičky se sýrem míchaný zeleninový salát,48,0,0,60
srbské rizoto nakládaná cibulka,51,15,0,45
tarhoňa se žampiony a houbovým prachem rajčatový salát,14,0,0,55
zapečený květák s uzeným sýrem brambory vařené listy ledového salátu,25,20,0,55
rybí prsty smažené bramborová kaše nakládané kukuřičky,70,20,0,35
vepřová kýta po selsku dušené hlávkové zelí bramborové knedlíky,50,45,0,40
vepřové výpečky špenát dušený bramborové knedlíky,54,50,0,40
obalovaná treska se špenátem bramborová kaše listy ledového salátu,45,20,0,40
bramborák uzená krkovice zelí,54,45,0,35
hovězí plátek po provensálsku rýže dušená,52,40,0,45
zapečené brambory se smetanou a vepřovou kotletou rajče,53,45,0,40
grilované kuřecí stehno brambory šťouchané s pažitkou obloha,63,35,0,50
hamburger s trhaným kuřecím masem,78,40,0,35
kuřecí kostky na nivě rýže jasmínová,40,40,0,45
poděbradské maso těstoviny rýžové,54,30,0,45
bulgurový pilaf se sumečkem okurka sterilovaná,25,10,0,55
kuřecí nudličky v liškové omáčce se spätzlemi,50,30,0,50
pštrosí vejce bramborová kaše listy římského salátu,60,30,0,45
čočka na přírodní způsob vaječná omeleta okurka kyselá,45,0,0,55
kotlíkový perkelt špaldové knedlíky,52,45,0,45
kuřecí nudličky s mandlemi a rýží,51,30,0,50
luhačovický špaček bramborová kaše,69,40,0,40
špagety po boloňsku,58,35,0,45
kukuřičný klas restovaná zelenina na másle kaiserka,32,0,0,60
těstoviny s brokolicí a nivou okurkový salát,22,0,0,60
bramborové knedlíky plněné uzeným masem,51,45,0,40
rýžová kaše s grankem maštěné máslem granko,45,0,50,25
lasagne s mletým masem okurka salátová,60,40,0,45
kuřecí kostky na nivě brambory vařené,40,40,0,45
pečené vepřové koleno strouhaný křen hořčice chléb,60,60,0,30
makové šišky z brambor. těsta maštěné máslíčkem ovocný kompot granko,60,0,50,25
gnocchi s houbovou omáčkou,27,0,0,50
gnocchi s kuřecím masem list špenátem a smetanou,18,35,0,50
tarhoňa se žampiony a houbovým prachem červená řepa,13,0,0,55
vepřové kostky na houbách rýže dušená,50,45,0,45
vrtule s mákem ovocný kompot kakao nesquik,60,0,40,30
kuřecí roláda brambory vařené,55,35,0,45
lososové nugetky bramborová kaše kapie,65,20,0,45
hovězí dušené kostky na zelenině rýže divoká,47,50,0,50
kuřecí marinovaný plátek čočka na přírodní způsob,38,30,0,50
luštěninový salát s makrelou pečivo,30,10,0,65
rybí file na másle s citronem bramborová kaše okurka sterilovaná,64,20,0,50
hovězí maso stroganov rýže dušená,52,50,0,45
těstoviny s bešamelem červená řepa,31,0,0,50
rizoto z drůbežího masa sypané sýrem listy ledového salátu,51,20,0,50
ravioli plněné sypané strouhaným tvarohem a cukrem kakao,58,0,50,30
drůbeží játra na cibulce rýže dušená,51,0,0,45
rybí karbanátky pečené se sýrem bramborová kaše,61,20,0,45
rýžové špagety s tofu a zeleninou nakládaná cibulka,5,0,0,60
holandský řízek bramborová kaše mrkvový salát,85,45,0,40
kuřecí řízek smažený brambory opečené okurka kyselá,82,60,0,35
studentský řízek bramborová kaše rajčatový salát,75,50,0,40
krůtí kostky na tymiánu rýže jasmínová,50,35,0,50
lasagne s mletým masem,60,40,0,45
singapurské nudle kapie,45,0,0,55
bulgur rizoto se zeleninou a kuřecím masem okurka sterilovaná,35,20,0,55
zapečené špagety s mletým masem kapie,60,35,0,45
studentský řízek bramborová kaše okurka sterilovaná,75,50,0,40
špecle s vepřovým masem a rajčaty okurkový salát,50,40,0,45
vepřové kostky na kmíně rýže dušená,50,45,0,45
kuskus se zeleninou a vepřovým masem,24,20,0,55
bulgurové rizoto s luštěninou,30,10,0,60
kuřeci prsa na česneku bramborové knedlíky,58,35,0,45
sekaný biftek brambory vařené s petrželkou okurka salátová,65,50,0,45
pečená tarhoňa s restovanou zeleninou a tofu strouhaná mrkvička,0,0,0,55
kuřecí nudličky grilované s americkým bramborem rajče,58,35,0,45
šťavnaté kuřecí kousky s fazolkami a rýží basmati,50,30,0,50
hadí ocásky s nebeským prachem,5,0,0,0
škubánky s mákem ovocný kompot granko,62,0,50,30
kuřecí paličky pečené rýže jasmínová,58,35,0,50
námořnické maso bramborové noky,50,40,0,45
treska zapečená s jogurtem sýrem a bylinkami brambory šťouchané s jarní cibulkou,35,20,0,50
kaše z ovesných vloček s lentilkovým posypem ovocný kompot káva bílá,47,0,40,30
palačinky s nutelou a smetanovým krémem banánový koktejl,92,0,95,20
těstoviny s makrelou,35,10,0,50
vepřové dušené v kapustě brambory vařené,40,40,0,50
zeleninové lívance brambory šťouchané s jarní cibulkou,15,0,0,55
filety ze žraloka pečené na másle brambory vařené kapie,60,20,0,50
brokolice se smetanovou omáčkou brambory vařené,22,0,0,60
rybí filety na drceném kmíně brambory vařené s petrželkou ledový salát s ředkvičkou,60,20,0,50
rybí nugety z aljašské tresky brambory vařené s petrželkou ledový salát,67,20,0,45
rybí filé zapečené se sýrem brambory vařené,55,20,0,50
kuřecí plátek přírodní gratinované brambory,60,35,0,50
moravský vrabec špenát dušený houskové knedlíky domácí,55,55,0,40
zapečené brambory s uzeným masem brokolicový salát,50,40,0,50
těstoviny s bešamelem rajče,31,0,0,55
hovězí maso na žampiónech rýže dušená,52,45,0,50
kuřecí kousky přírodní rýže dušená se zeleným hráškem,49,30,0,50
spätzle s borůvkovou omáčkou káva bílá,60,0,50,30
králík na zelenině s listovým špenátem bramborové šišky,42,40,0,50
hrachová kaše s cibulkou marinovaný vepřový plátek salát z bílého zelí,35,45,0,40
kuřecí maso kung pao čínské nudle,49,35,0,50
salát s červenou čočkou pečivo,20,0,0,60
palačinky s nutelou a smetanovým krémem ovocný kompot kakao,92,0,95,20
krůtí prsa se zeleninou ratatouille těstoviny bramborové,40,30,0,55
koprová omáčka vejce vařené houskové knedlíky domácí,54,0,0,50
kantonská rýže strouhaná mrkvička,30,0,0,60
vepřová plec na slanině bramborové knedlíky,52,45,0,45
zapečená brokolice s bramborem a vaječnou zálivkou,22,0,0,65
masové kuličky s bylinkami a cibulkou jemná cizrnová omáčka brambory vařené,55,40,0,50
kuskus se zeleninou červená řepa,20,0,0,60
lasagne s vanilkovým krémem a ovocem granko,65,0,85,30
kuřecí plátek s anglickou slaninou a sýrem americké brambory,57,40,0,45
bratislavské vepřové plecko špaldové knedlíky,50,45,0,45
krůtí svíčková na smetaně celozrnné houskové knedlíky,70,40,0,50
dukátové buchtičky s krémem káva mléčná,85,0,75,25
drůbeží rizoto sypané sýrem červená řepa,51,20,0,50
hovězí svíčková na smetaně karlovarský knedlík,68,45,0,50
vinná klobása bramborová kaše kapie,85,40,0,40
italský guláš těstoviny rýžové,51,50,0,45
obalovaná treska se sýrem bramborová kaše listy ledového salátu,60,20,0,45
rybí file zapečené s vejci brambory vařené s petrželkou okurka salátová,48,20,0,50
kuřecí sekaný steak na kari se smetanou a sýrem bramborová kaše,60,35,0,45
grenadýrský pochod ledový salát s ředkvičkou,44,0,0,55
mexické fazole v tortille,20,10,0,55
bavorské vdolečky banánové mléko,87,0,70,30
grenadýrský pochod okurka sterilovaná,44,0,0,55
rybí filety na drceném kmíně gratinované brambory,58,20,0,50
kuřecí stehno uzené bramborová kaše čalamáda,65,40,0,40
rybí filety na drceném kmíně brambory vařené rajče,60,20,0,50
fazole po milánsku s vepřovým masem pečivo,45,40,0,45
čínské nudle se zeleninou,32,0,0,60
nugety z lososa nemleté obalované bramborová kaše ledový salát,65,20,0,45
námořnické maso bramborové knedlíky,52,50,0,40
vepřové maso pečené fazole po boloňsku,40,45,0,45
luciferova brambora čertovo kopyto s chlupy z pekelníka,10,60,0,5
rybí filety na drceném kmíně brambory šťouchané s pažitkou listy ledového salátu,60,30,0,80
fish and chips brambory vařené tatarská omáčka,65,50,0,20
těstoviny s krůtím masem zeleninou a žampiony,50,25,0,60
kantonské nudle s kuřecím masem hlávkový salát,45,35,0,55
těstoviny s bešamelem okurka salátová,31,5,0,45
bretaňská zelenina brambory opečené bylinkový dresink,35,0,0,70
zeleninové lečo s vejci brambory vařené,45,5,0,50
žemličková nádivka s králičím masem bramborové knedlíky špenát dušený,54,50,0,45
přírodní krůtí plátek kuskus,35,40,0,65
hovězí maso na pepři houskové knedlíky domácí,54,50,0,35
masové koule v rajčatové omáčce houskové knedlíky domácí,70,45,0,30
vepřové medailonky na bílém pepři brambory šťouchané s jarní cibulkou,55,60,0,40
kaše z ovesných vloček sypaná skořicí ovocný kompot káva mléčná,46,0,70,50
vepřová plec na slanině bramborové noky,50,70,0,30
vepřové výpečky bramborové knedlíky špenát dušený,54,70,0,30
čočkový karbanátek bramborová kaše čalamáda,45,0,0,50
pikantní kuřecí maso v tortile bylinkový dresink,55,50,0,40
grenadýrský pochod,44,5,0,45
kuřecí paličky pečené v marinádě bbq brambory opečené kapie,63,60,0,35
smetanové brambory zapečené se sýrem kapie,40,5,0,40
žemlovka s jablky a tvarohem horká čokoláda,62,0,85,35
mexické rizoto s vepřovým masem nakládaná cibulka,51,40,0,45
zapečené palačinky s tvarohem ochucené mléko,75,0,75,35
jehněčí maso pečené bramborové noky červené zelí dušené,64,75,0,40
gnocchi v rajčatové omáčce s parmazánem,30,0,0,55
rýžový nákyp s ovocem kakao nesquik,60,0,70,35
vepřová kýta na paprice houskové knedlíky s žemlí,50,70,0,35
rizoto s krabím masem okurka sterilovaná,51,15,0,45
fazole chilli con carne s vepřovým masem pečivo,48,50,0,40
obalovaná treska s bylinkovou omáčkou bramborová kaše rajče,60,40,0,30
hovězí líčka s kořenovou zeleninou brambory šťouchané s jarní cibulkou,50,60,0,35
babičino pečené kuře na tymiánu brambory vařené,57,50,0,45
čočka na přírodní způsob pizza,48,0,0,50
smažené rybí karbanátky bramborová kaše rajče,65,40,0,35
vepřové maso v mrkvi brambory vařené,48,60,0,40
smetanové brambory zapečené se sýrem rajče,40,5,0,45
obalovaná treska se sýrem brambory vařené rajče,55,45,0,35
zapečené těstoviny s uzeninou čerstvá zelenina,52,20,0,45
trhané kachní maso červené zelí se sušenou švestkou bramborové knedlíky,58,80,0,35
těstovinový salát s makrelou pečivo,50,5,0,60
kuřecí špalíček a-lá bažant bramborové knedlíky,55,50,0,45
zeleninové krupoto sypané sýrem,10,0,0,55
čevabčiči s cibulí a hořčicí brambory vařené okurkový salát,69,45,0,30
kuřecí závitek bramborová kaše čalamáda,60,50,0,40
těstoviny se zeleninou žampiony a vepř.masem okurkový salát,51,25,0,50
vepřová kýta po selsku špenát dušený houskové knedlíky s žemlí,50,60,0,35
jáhlová kaše s medem a oříšky ovocný salát horká čokoláda,40,0,50,45
krůtí roláda rýže dušená se zeleným hráškem,54,45,0,50
tarhoňa se žampiony a houbovým prachem okurkový salát,14,0,0,50
mexický guláš houskové knedlíky domácí,50,50,0,35
dukátové buchtičky s krémem,85,0,90,25
rizoto s krabím masem nakládaná cibulka,51,15,0,45
zapečené těstoviny s uzeným masem nakládané feferony,52,30,0,40
kuřecí perkelt těstoviny bramborové,55,50,0,35
pštrosí vejce bramborová kaše,60,55,0,30
těstoviny s bešamelem listy ledového salátu,31,5,0,40
lasagne s brokolicí a sýrem,24,0,0,55
hovězí maso na pepři celozrnné houskové knedlíky,54,50,0,35
čočka na kyselo vaječná omeleta čalamáda,46,0,0,60
vegetariánské špagety po boloňsku,45,0,0,55
novohradský vepřový plátek těstoviny rýžové,50,60,0,30
rybí filé zapečené se sýrem brambory vařené čerstvá zelenina,55,45,0,35
čočkové ragú se špagetami sypané sýrem,32,0,0,60
pečený filet z mořské tresky dušená zelenina romanesco,44,30,0,50
vepřové maso po italsku těstoviny vařené,52,60,0,35
přírodní krůtí plátek brambory vařené dušená bretaňská zelenina,53,40,0,50
halušky se zelím a slaninou okurkový salát,62,60,0,40
gnocchi se smetanovým špenátem,10,0,0,50
zapečený květák s uzeným sýrem brambory šťouchané s jarní cibulkou rajčatový salát,26,20,0,40
maso tří barev kuskus,35,70,0,45
vepřová kýta po selsku houskové knedlíky domácí dušené hlávkové zelí,50,60,0,35
ruská hovězí pečeně špaldové knedlíky,51,50,0,30
kuřecí prsa pečená na medu rýže jasmínová,51,55,15,45
bramborové šišky se strouhankou granko ovocný kompot,55,0,60,20
mořská štika s bazalkou a rajčaty bramborová kaše listy ledového salátu,60,40,0,50
hovězí maso na pepři brambory vařené,52,50,0,35
bratislavské vepřové plecko houskové knedlíky s žemlí,50,60,0,35
gratinované brambory s květákem rajče,43,5,0,45
krůtí prsa na rozmarýnu šťouchané brambory s pažitkou,56,55,0,50
vepřová panenka na slanince rýže dušená,58,70,0,40
mexické rizoto s drůbežím masem červená řepa,51,30,0,40
zapečené špagety s mletým masem,60,60,0,35
mletý řízek s nivou bramborová kaše okurka salátová,66,60,0,30
kuřecí plátek s anglickou slaninou a sýrem brambory vařené strouhaná mrkvička,57,55,0,40
vepřové kostky na kmíně těstoviny vařené,53,50,0,40
hovězí pečeně po pražsku houskové knedlíky domácí,58,50,0,35
žemlovka s jablky a tvarohem mléko,62,0,75,35
rýžová kaše s grankem maštěné máslem ovocný kompot mléko,47,0,60,35
mexické rizoto s vepřovým masem kapie,51,30,0,45
cuketový flamendr kuskus,10,0,0,60
drůbeží játra na cibulce rýže jasmínová,51,45,0,50
zapečené těstoviny s uzeninou červená řepa,52,20,0,45
kuřecí roláda rýže s pohankou,55,50,0,50
zapečené palačinky s tvarohem káva bílá,75,0,75,35
sekaná pečeně na smetaně houskové knedlíky domácí,59,60,0,35
vepřová panenka na slanince brambory vařené,60,70,0,40
debrecínský vepřový guláš celozrnné houskové knedlíky,54,60,0,35
kuřecí nudličky s těstovinou a sýrovou omáčkou,40,50,0,45
segedínský guláš houskové knedlíky domácí,52,60,0,35
jehněčí maso pečené karlovarský knedlík špenát dušený,55,80,0,40
nádivka míchaný zeleninový salát,30,0,0,50
vepřový guláš celozrnné houskové knedlíky,52,60,0,35
halušky z bylinkového těsta šopský salát,45,0,0,55
kuskus s ovocnou omáčkou a strouhaným tvarohem ovocný kompot kakao nesquik,32,0,60,35
škubánky s mákem kakao nesquik,62,0,60,30
kukuřičný klas restovaná zelenina na másle,32,0,0,70
domácí buchty plněné bílá káva,80,0,85,35
rýže basmati s kukuřicí sypané petrželkou strouhaná mrkvička,35,0,0,65
nudle s tvarohem a cukrem maštěné máslem ovocný kompot kakao,60,0,65,35
myslivecké zelí bramborové noky,40,70,0,40
palačinky s marmeládou káva bílá,95,0,70,35
myslivecké zelí bramborové knedlíky,45,70,0,35
vepřové kostky na pepři bramborové knedlíky,51,70,0,35
novohradský vepřový plátek rýže dušená,50,50,0,40
hovězí maso vařené rajská omáčka houskové knedlíky domácí,61,50,0,35
spätzle s hruškama a tvarohem perníkový posyp granko,59,0,60,35
vepřové nudličky na celeru těstoviny vařené,55,50,0,40
marinovaný vepřový plátek hrachová kaše s cibulkou okurka sterilovaná,42,60,0,35
vepřový plátek plněný šunkou a sýrem brambory opečené,55,65,0,40
kuřecí plátek přírodní brambory vařené okurkový salát,60,55,0,50
kuřecí plátek přírodní dušená zelenina,40,55,0,55
rýžové těstoviny s krůtím m. zeleninou a žampiony červená řepa,42,25,0,50
bavorské vdolečky jahodový koktejl,87,0,80,25
kuřecí řízek smažený bramborový salát,89,80,0,25
späctzle se sýrovou omáčkou a bylinkami,30,0,0,55
hrachová kaše s cibulkou plátek šunky od kosti okurka sterilovaná,35,55,0,40
maso tří barev rýže dušená,50,70,0,40
vepřové maso po znojemsku rýže dušená brokolicový salát,46,60,0,40
jitrnicový prejt brambory vařené zelí sladko-kyselé,54,75,0,30
žemlovka s jablky kakao nesquik,62,0,75,35
kachní prso pečené houskové knedlíky domácí červené zelí dušené,67,85,0,40
lasagne s brokolicí a sýrem rajče,24,0,0,55
čočka na přírodní způsob sázená vejce okurka sterilovaná,41,0,0,55
cikánská hovězí pečeně houskové knedlíky domácí,52,60,0,35
lasagne s mletým masem červená řepa,60,60,0,40
hovězí pečeně přírodní těstoviny vařené,50,55,0,40
bulgur s vepřovým masem zeleninou a quinenou červená řepa,32,60,0,45
těstovinový salát se zeleninou a tuňákem,45,5,0,60
trhané kachní maso na šafránových brambůrkách višňová omáčka,55,85,0,45
kuřecí marinovaný plátek hrachová kaše s cibulkou okurka sterilovaná,42,55,0,40
koprová omáčka houskové knedlíky domácí,50,0,0,40
francouzské brambory červená řepa,50,5,0,45
krůtí prsa na rozmarýnu brambory šťouchané s pažitkou,56,55,0,50
zeleninové řízečky brambory šťouchané s jarní cibulkou,40,0,0,50
šoulet s vepřovým plátkem nakládaná cibulka,23,60,0,35
krůtí roláda bramborová kaše nakládaná cibulka,62,55,0,40
čočkový salát s vejci kaiserka,25,0,0,65
kuřecí marinovaný plátek čočka na přírodní způsob ledový salát,38,55,0,45
trhané kachní maso na šafránových brambůrkách,55,85,0,45
krůtí prsa na houbách žampionech rýže jasmínová,55,55,0,50
cikánská hovězí pečeně těstoviny vařené,53,60,0,35
žemlovka s jablky granko,62,0,75,35
hrachová kaše s cibulkou kuřecí stehno pečené zelný salát,37,55,0,45
brokolice zapékaná s nivou brambory vařené s petrželkou kapie,25,0,0,55
sekaná pečeně na smetaně široké nudle,59,60,0,40
těstoviny s bešamelem nakládaná cibulka,31,5,0,45
luštěninové lasagne,45,0,0,55
bramborové taštičky se sýrem obloha zeleninová,49,0,0,50
hrachová kaše s cibulkou vejce sázené zelí sladko-kyselé,35,0,0,50
kuskus se zeleninou a vepřovým masem ledový salát,24,40,0,50
tortellini se sýrovou omáčkou,42,0,0,50
marinovaný vepřový plátek hrachová kaše s cibulkou nakládané kukuřičky,42,60,0,35
rybí filety na drceném kmíně bramborová kaše rajče,63,30,0,40
novohradský vepřový plátek tarhoňa,30,60,0,35
rybí prsty smažené bramborová kaše rajče,70,45,0,35
kuřecí prsa na hříbkové omáčce se spätzlemi,50,55,0,50
krupicová kaše s kakaem ovocný kompot kakao nesquik,45,0,70,35
hrachová kaše s cibulkou kuřecí prsní plátek uzený okurka sterilovaná,35,55,0,40
těstovinový salát s kuřecím masem pečivo,50,30,0,55
rybí file zapečené s vejci brambory vařené s petrželkou kapie,48,45,0,40
vepřové maso pečené bretaňská zelenina na máslíčku brambory vařené,48,60,0,40
pečené kuře brambory vařené,61,60,0,40
čevabčiči s cibulí a hořčicí brambory,68,70,0,35
chlupaté knedlíky se zelím slaninou a cibulkou,55,70,0,35
vepřové výpečky bramborové knedlíky dušené zelí,56,70,0,30
kuřecí paličky pečené v marinádě bbq brambory vařené,63,55,0,35
česneková omáčka uzená krkovice vdolek,45,70,0,30
vepřové maso po znojemsku celozrnné houskové knedlíky,52,60,0,40
lasagne s brokolicí a sýrem ledový salát,24,0,0,55
grilovaný hermelín brambory opečené obloha zeleninová,42,0,0,40
masové koule v rajčatové omáčce těstoviny vařené,70,45,0,40
masové klopsy mexické fazole,48,55,0,35
halušky se zelím a slaninou salátová okurka,61,60,0,40
vepřová panenka na sekané bazalce rýže jasmínová,57,70,0,40
rybí filé zapečené se sýrem brambory vařené s petrželkou čerstvá zelenina,55,45,0,45
vepřová roláda s medvědím česnekem bramborová kaše okurka sterilovaná,58,70,0,35
špekové knedlíky dušené hlávkové zelí,50,70,0,35
mletý řízek s nivou brambory opečené listy ledového salátu,63,60,0,35
jáhlová kaše s medem a oříšky ovocný salát granko,40,0,50,45
krůtí maso pečené dušená baby mrkvička brambory vařené,40,55,0,50
kynuté mřížky s pudinkem a jahodou granko,75,0,80,25
nudle s mákem maštěné máslíčkem kakao jablko,60,0,60,35
bramborové šišky se strouhankou mléko,55,0,60,30
čočkový salát chléb,20,0,0,60
brambor. špalíčky se zelím a trhaném kachním masem,57,70,0,35
luštěninové rizoto s kroupami a vepřovým masem okurka kyselá,38,60,0,40
kuřecí kousky na zbojnický způsob bramborové noky,51,55,0,45
vrtule s mákem ovocný kompot ochucené mléko,60,0,60,35
hovězí maso v kapustě brambory vařené,44,60,0,45
lasagne s mletým masem kapie,60,60,0,40
mletý řízek s nivou bramborová kaše červená řepa,65,60,0,40
lipnický špaček bramborová kaše paprika čerstvá,68,55,0,40
vepřové nudličky po čínsku se zeleninou rýže dušená,45,60,0,45
lívance se skořicí kakao,73,0,60,30
halušky se zelím a slaninou mrkvový salát,62,70,0,40
sekaná pečeně bramborová kaše,72,60,0,35
lasagne s rybím masem a špenátem,23,30,0,50
tarhoňa s houbovým prachem a žampiony nakládané feferony,13,0,0,80
brambory s tvarohem maštěné máslíčkem ovocný kompot,55,0,15,70
späctzle se sýrovou omáčkou a bylinkami rajčatový salát,30,0,5,65
bavorské vdolečky mléko,87,0,75,35
roštěná z telecí kýty rýže dušená,53,40,0,50
masová haše brambory vařené zelný salát,49,55,0,45
bramborové šišky se strouhankou káva bílá,55,0,5,35
zapečená brokolice s bramborem a vaječnou zálivkou rajče,22,0,0,80
hrachová kaše s cibulkou kuřecí marinovaný plátek okurka sterilovaná,35,30,0,50
spätzle s borůvkovou omáčkou granko,60,0,85,25
sekaná pečeně brambory šťouchané s jarní cibulkou listy ledového salátu,62,60,0,45
džuveč červená řepa,40,0,0,70
kuřecí maso po čínsku tříbarevná rýže,50,35,0,60
hovězí kostky na divoko bramborové knedlíky,51,50,0,50
drůbeží játra na cibulce rýže dušená se zeleným hráškem,50,45,0,55
zapečené brambory se smetanou a vepřovou kotletou nakládaná cibulka,53,50,0,40
šišky z kynutého těsta ochucené mléko,73,0,60,35
sekaná pečeně brambory šťouchané s jarní cibulkou okurka sterilovaná,62,60,0,45
špagety po milánsku,58,35,0,50
poděbradské maso houskové knedlíky domácí,55,45,0,50
nudlový nákyp s tvarohem a jablky horká čokoláda ovocný kompot,59,0,30,50
bulgur rizoto se zeleninou a sýrem listy římského salátu,30,0,0,75
andělské gnocchi s mikulášskou mlhovinou,30,0,0,65
grenadýrský pochod nakládaná cibulka,44,0,0,65
hovězí pečeně přírodní bulgur perníčky,43,50,0,55
vepřová panenka s fazolovými lusky brambory vařené červená řepa,55,50,0,60
krůtí paprikáš houskové knedlíky domácí,55,50,0,55
zapečené těstoviny s uzeným masem čalamáda,52,35,0,50
gnocchi s grilovanou zeleninou a parmazánem okurkový salát,28,0,0,70
bramborový nákyp s mletým masem rajčatový salát,60,40,0,45
ruská hovězí pečeně houskové knedlíky s žemlí,51,45,0,55
koprová omáčka vejce vařené houskové knedlíky s žemlí,54,0,0,45
houskové knedlíky polévané jahodovou omáčkou,60,0,60,40
hovězí maso vařené rajská omáčka těstoviny vařené,62,45,0,50
vepřová kýta na paprice těstoviny vařené míchaný zeleninový salát,52,45,0,50
kuřecí špalíček a-lá bažant bramborové noky,53,40,0,55
krůtí prsa na žampionech brambory vařené,55,45,0,60
hovězí dušené kostky na zelenině houskové knedlíky domácí,48,45,0,50
kuřecí stehno uzené s grilovanou kukuřicí,57,45,0,55
obalovaný sýr brambory vařené s petrželkou tatarská omáčka,65,0,0,35
krůtí nudličky na kari rýže jasmínová,50,50,0,50
nudle s tvarohem a cukrem maštěné máslem ovocný kompot,60,0,25,40
bavorské vdolečky káva mléčná,87,0,70,30
cibulové kroužky s pikantní rajčatovou omáčou čerstvá zelenina,52,0,0,40
čočka na přírodní způsob uzená kýta zelný salát s mrkví,40,45,0,55
rýžová kaše s grankem maštěné máslem ovocný kompot kakao,47,0,50,35
hovězí pečeně znojemská houskové knedlíky s žemlí,56,45,0,55
krůtí kostky po debrecínsku houskové knedlíky domácí,51,50,0,50
bramborové šišky se strouhankou ovocný kompot kakao nesquik,55,0,30,40
rybí file na křenu se smetanou brambory vařené okurka kyselá,57,0,0,45
kuřecí roláda rýže dušená,55,50,0,55
mix trhaných salátů s rajčaty karotkou a kuř.masem celozrnná bageta,40,40,0,85
houbový kuba nakládané feferony,50,0,0,70
trhané kachní maso dušené hlávkové zelí houskové knedlíky s žemlí,57,65,0,40
moravský vrabec bramborové knedlíky červené zelí dušené,58,70,0,45
kuřecí nudličky na kari rýže dušená,50,50,0,50
krůtí maso po zahradnicku bulgur,39,45,0,65
grenadýrský pochod nakládané feferony,44,0,0,65
krůtí kousky na zbojnický způsob bramborové noky,51,50,0,55
zapečené těstoviny s uzeným masem červená řepa,52,40,0,45
těstovinový salát s kuřecím masem,48,50,0,70
nudle s tvarohem a cukrem maštěné máslem kakao,60,0,25,40
kantonské nudle s kuřecím masem okurkový salát,45,50,0,55
kuřecí nudličky po zahradnicku těstoviny vařené,50,50,0,50
kuřecí kousky na zbojnický způsob bramborové knedlíky,53,50,0,50
maďarský tokáň těstoviny rýžové,50,45,0,50
špagety s vepřovým masem a rajčaty,60,45,0,50
zapečený květák s uzeným sýrem brambory vařené kapie,25,0,0,60
hovězí maso po cikánsku celozrnné houskové knedlíky,52,50,0,55
brokolice zapékaná s lučinou kaiserka,22,0,0,70
zapečené brambory s uzeným masem červená řepa,51,50,0,45
kuřecí paličky pečené brambory vařené obloha zeleninová,55,55,0,50
špaldové noky se zelím slaninou a cibulkou,45,40,0,50
vepřové medailonky na bílém pepři rýže jasmínová,55,50,0,55
džuveč okurka sterilovaná,40,0,0,60
alpský povidlový knedlík kakao nesquik,70,0,70,40
fazolový kotlík chléb,33,0,0,50
zapečené těstoviny s uzeninou kapie,52,35,0,45
bramborový nákyp s mletým masem čerstvá zelenina,60,40,0,45
zapečené rýžové špagety s mletým masem nakládané feferony,58,40,0,45
rýžová kaše s grankem maštěné máslem ovocný kompot kakao nesquik,47,0,50,35
vepřová panenka se šípkovou omáčkou brambory vařené,55,50,0,50
krůtí prsa na houbách bulgur,38,50,0,60
kuřecí stehna na kysaném zelí bramborové noky,59,50,0,50
kuřecí roláda bramborové knedlíky,56,50,0,50
holandský řízek bramborová kaše rajče,85,55,0,40
bulgur rizoto se zeleninou a kuřecím masem rajčatový salát,36,50,0,70
džuveč nakládané kukuřičky,40,0,0,50
hrachová kaše s cibulkou kuřecí marinovaný plátek salát z bílého zelí,35,45,0,55
gnocchi se slaninou zakys.smetanou jarní cibulkou mrkvový salát,21,20,0,50
husí maso barbarie pečené houskové knedlíky domácí červené zelí dušené,67,80,0,35
vepřové nudličky po čínsku se zeleninou čínské nudle,44,50,0,50
čočka po bretaňsku chléb,20,0,0,50
kuřecí roláda plněná špenátem anglickou slaninou bramborová kaše strouhaná mrkvička,60,55,0,45
halušky z bylinkového těsta rajče,51,0,0,55
žemlovka s jablky káva mléčná,62,0,50,45
kuřecí maso po čínsku rýže dušená,50,50,0,50
vepřový plátek po znojemsku rýže dušená,54,50,0,50
palačinky s marmeládou ovocný kompot kakao,95,0,95,30
fazole po milánsku s vepřovým masem chléb,45,45,0,45
gratinované brambory s lanýžem řepný salát s křenem,37,0,0,55
bramborové knedlíky s cibulkou zelný salát,43,0,0,45
kaše z ovesných vloček sypaná skořicí ovocný kompot mléko,46,0,45,50
hamburger s trhaným masem hranolky s tatarskou om,90,50,0,25
škubánky s mákem ovocný kompot káva mléčná,62,0,50,40
vepřové plecko na zelenině rýže jasmínová,43,50,0,50
alpský povidlový knedlík kakao,70,0,70,40
vepřový plátek po znojemsku rýže jasmínová,54,50,0,50
bramborové šišky se strouhankou mrkvový salát mléčný nápoj,55,0,0,40
vepřové maso pečené dušená zelenina brambory vařené,48,50,0,55
vepřová plec na kmíně bulgur,39,50,0,55
sekaný biftek bramborová kaše červená řepa,70,55,0,45
halušky se zelím a slaninou,61,50,0,45
vepřový plátek přírodní bulgur,35,50,0,55
rizoto z vepřového masa sypané sýrem zelenina sterilovaná,51,45,0,50
bulgur se zeleninou a sýrem červená řepa,30,0,0,70
čočka na kyselo vaječná omeleta nakládaná cibulka,46,0,0,55
kantonské nudle s kuřecím masem okurka sterilovaná,45,50,0,50
mexické rizoto s vepřovým masem červená řepa,51,45,0,45
květákový mozeček brambory šťouchané s pažitkou,35,0,0,50
bramborový guláš chléb,54,45,0,40
hovězí plátek bratislavský houskové knedlíky s žemlí,53,50,0,50
bramborové knedlíky s cibulkou okurka sterilovaná zelný salát,43,0,0,45
italský guláš těstoviny vařené,52,45,0,50
špenátové noky z bramborového těsta a cibulkou,10,0,0,65
rizoto z drůbežího masa sypané sýrem nakládaný květák,51,40,0,55
domácí buchty plněné granko,80,0,85,30
vepřový plátek přírodní brambory šťouchané s jarní cibulkou,55,55,0,45
pečené fazole s toastovým chlebem,40,0,0,40
hovězí pečeně štěpánská bramborová kaše,61,50,0,50
krůtí maso s křenovou omáčkou vdolek,45,50,0,55
vepřové kostky na fazolkách brambory vařené,48,55,0,45
grilovaný hermelín brambory vařené s petrželkou tatarská omáčka,54,0,0,40
rizoto z drůbežího masa sypané sýrem ledový salát s ředkvičkou,51,40,0,55
roštěná hovězí pečeně rýže jasmínová,53,50,0,50
grilovaný kuskus s vepřovou panenkou a rajčaty listy římského salátu,47,50,0,55
novohradský vepřový plátek těstoviny vařené,53,50,0,50
kuřecí plátek přírodní rýže dušená se zeleným hráškem,50,50,0,50
vepřové maso pečené baby mrkev brambory vařené,48,50,0,55
krupicová kaše s kakaem ovocný kompot mléko,45,0,55,35
nudle s mákem maštěné máslíčkem mléko,60,0,30,40
krůtí maso po zahradnicku těstoviny rýžové,50,45,0,55
křupavá husička s bílým i červeným zelím houskové a bramborové knedlíky,70,80,0,30
čočka na přírodní způsob plátek šunky od kosti nakládané kukuřičky,40,0,0,50
vepřová plec na slanině těstoviny vařené,53,50,0,50
rybí file zapečené s vejci brambory vařené s petrželkou rajče,48,0,0,45
vepřová panenka na sekané bazalce brambory vařené,60,50,0,50
ravioli s tvarohovou náplní sypané strouhankou ovocný kompot kakao,58,0,45,40
singapurské rýžové nudle,45,50,0,60
moravský vrabec chlupaté knedlíky dušené zelí,55,70,0,40
hovězí maso na španělský způsob houskové knedlíky domácí,60,55,0,50
cikánská hovězí pečeně houskové knedlíky s žemlí,52,55,0,50
špenátové špagety,22,0,0,65
rybí file na křenu se smetanou bramborová kaše strouhaná mrkvička,61,0,0,45
krůtí maso na medu a zázvoru s jasmínovou rýží,50,50,10,50
játrová omáčka rýže dušená,20,50,0,45
hovězí dušené kostky na zelenině brambory vařené,49,50,0,50
bramborové knedlíky s cibulkou okurka kyselá,43,0,0,45
kantonské nudle s vepřového masa,45,50,0,50
čočka na kyselo vaječná omeleta okurka sterilovaná,46,0,0,50
obalovaný filet z aljašké tresky brambory vařené s petrželkou kapie,59,0,0,35
vepřové maso po znojemsku houskové knedlíky domácí,52,55,0,50
bramborové knedlíky s cibulkou okurka sterilovaná,43,0,0,45
vepřová plec na kmíně kuskus,39,50,0,50
bramborové noky se zelím a cibulkou,42,0,0,50
špagety rýžové s tuňákem,59,0,0,55
brokolice se sýrovou omáčkou brambory opečené,22,0,0,60
zeleninové rizoto s hlívou ústřičnou a sýrem kapie,22,0,0,65
rybí prsty smažené brambory šťouchané s jarní cibulkou rajče,69,0,0,35
lasagne s rybím masem bešamelem a špenátem okurka salátová,23,0,0,50
rizoto z vepřového masa sypané sýrem čalamáda,51,45,0,50
makové šišky sypané strouhaným tvarohem ovocný kompot,60,0,50,40
debrecínský vepřový guláš tarhoňa,35,45,0,50
rizoto na srbský způsob s kachním masem čalamáda,51,50,0,50
kantonské nudle s kuřecím masem mrkvový salát,45,50,0,55
jáhlová kaše s medem a oříšky ovocný kompot káva bílá,40,0,35,50
zapečené těstoviny s uzeninou,52,40,0,45
lasagne s brokolicí a sýrem čerstvá zelenina,24,0,0,65
hrachová kaše s cibulkou vejce vařené okurka sterilovaná,35,0,0,50
obalované filety z hejka bramborová kaše rajče,65,0,0,40
kuskus po milánsku s vepřovým masem nakládaná cibulka,30,45,0,50
dukátové buchtičky s krémem kakao,85,0,85,30
nudlový nákyp s tvarohem a jablky ovocný kompot kakao,58,0,30,40
pikantní kuřecí maso v tortile,55,50,0,45
srbské rizoto okurkový salát,53,45,0,50
vepřový řízek smažený brambory vařené s petrželkou,82,70,0,40
maso tří barev bramborové noky,49,50,0,50
panenka na hříbkové omáčce s bramborovými noky,55,50,0,45
smetanové brambory zapečené se sýrem zelenina sterilovaná,40,0,0,50
vepřové maso pečené brambory vařené dušená bretaňská zelenina,53,50,0,50
halušky z bylinkového těsta s brynzou listy ledového salátu,39,0,0,60
kuřecí marinovaný plátek hrachová kaše s cibulkou kapie,42,50,0,50
znojemská hovězí pečeně houskové knedlíky s žemlí,54,55,0,50
mexické fazole pečivo,30,0,0,45
smažené rybí karbanátky brambory šťouchané s jarní cibulkou,61,0,0,40
francouzské brambory ledový salát s ředkvičkou,50,0,0,45
kuřecí plátek s anglickou slaninou a sýrem brambory vařené listy ledového salátu,57,50,0,45
lívance se skořicí granko,73,0,55,35
kuřecí kostky na pórku rýže jasmínová,50,50,0,50
maso tří barev rýže jasmínová,50,50,0,50
debrecínský hovězí guláš celozrnné houskové knedlíky,54,55,0,50
maso tří barev brambory vařené,50,50,0,50
vepřové maso po italsku špecle,49,45,0,50
hovězí pečeně přírodní kukuřice na másle brambory vařené,51,50,0,55
vepřové kostky na fazolkách těstoviny vařené,45,50,0,50
mletý řízek s nivou bramborová kaše ledový salát s ředkvičkou,65,50,0,45
hovězí maso na způsob španělského ptáčka rýže dušená,56,50,0,50
kachní prso pečené červené zelí dušené houskové knedlíky domácí,67,60,0,20
treska zapečená s jogurtem sýrem a bylinkami brambory šťouchané s pažitkou,35,30,0,50
vepřová kýta na smetaně houskové knedlíky domácí,50,40,0,25
hovězí maso na španělský způsob rýže jasmínová,56,30,0,35
kuskus se zeleninou a vepřovým masem strouhaná mrkvička,24,25,0,40
rybí file na másle s citronem brambory vařené kapie,61,30,0,45
pštrosí vejce bramborová kaše červená řepa,60,10,0,30
bavorské vdolečky granko,87,0,70,5
rybí nugety z aljašské tresky brambory vařené s petrželkou obloha zeleninová,67,30,0,50
kuře na nivě rýže jasmínová,55,40,0,40
jáhlová kaše s medem a oříšky káva mléčná,40,0,40,10
zapečené palačinky s tvarohem ovocný kompot banánové mléko,75,0,55,15
sekaná pečeně bramborová kaše rajčatový salát,72,30,0,35
vepřové maso v mrkvi těstoviny vařené,49,20,0,30
pečené kuře bulgur,47,40,0,50
obalovaná treska s bylinkovou omáčkou bramborová kaše listy ledového salátu,60,30,0,45
pizza rajčatový salát,90,20,0,25
kuřecí stehno pečené brambory vařené nádivka,61,50,0,35
karbanátek smažený bramborová kaše okurkový salát,70,50,0,25
těstovinový salát s lososem kaiserka,53,20,0,50
spätzle s hruškama a tvarohem perníkový posyp kakao,59,0,50,20
rýžový nákyp s ovocem ochucené mléko,60,0,60,15
zeleninové krupoto s vepřovým masem sypané sýrem čalamáda,13,20,0,35
těstovinový salát s makrelou,44,20,0,55
špecle s mákem maštěné máslíčkem horká čokoláda,59,0,60,10
hovězí líčka s kořenovou zeleninou bramborová kaše,55,50,0,35
tarhoňové rizoto s tofu nakládaná cibulka,0,0,0,50
těstoviny s tvarohem maštěné máslem ovocný kompot kakao,60,0,55,20
hovězí kostky na divoko houskové knedlíky domácí,51,45,0,30
pikantní kuřecí maso v tortile listy ledového salátu,55,40,0,25
rybí file na másle s citronem brambory vařené s petrželkou nakládané feferony,61,30,0,45
kovbojské fazole s klobáskou chléb,55,30,0,25
čočkový salát s vejci pečivo,23,10,0,65
krůtí kostky v paprikové omáčce těstoviny,52,30,0,45
lasagne s rybím masem bešamelem a špenátem kapie,23,25,0,50
vepřová roláda s medvědím česnekem rýže jasmínová,53,40,0,40
poděbradské maso bulgur,39,30,0,45
kovbojské fazole s vepřovým masem brambory vařené,43,35,0,45
rýžový nákyp s ovocem granko,60,0,55,15
rýžovo-jogurtové knedlíky s ovocem a zak.smetanou kakao,69,0,65,10
hovězí maso stroganov houskové knedlíky domácí,54,45,0,35
salát s červenou čočkou sýrová bageta s rajčaty,24,0,0,60
sekaný biftek bramborová kaše mrkvový salát,71,50,0,25
vepřové maso po cikánsku houskové knedlíky domácí,52,40,0,30
kaše z ovesných vloček sypaná skořicí ovocný kompot kakao nesquik,46,0,50,25
lipnický špaček brambory gratinované nakládaná cibulka,57,30,0,30
jitrnicový prejt brambory vařené zelný salát,54,40,0,20
vepřový špalíček a-la bažant bramborové knedlíky,55,50,0,25
lososové nugetky bramborová kaše nakládané feferony,65,20,0,50
bramborové šišky se strouhankou ovocný kompot mléko,55,0,0,25
špecle s vepřovým masem a rajčaty,50,30,0,35
rizoto z drůbežího masa sypané sýrem zelenina sterilovaná,51,25,0,30
vepřová panenka pečená bramborová kaše okurkový salát,65,50,0,30
nudle s tvarohem a cukrem maštěné máslem jahodový koktejl,60,0,50,20
rizoto z vepřového masa sypané sýrem nakládané kukuřičky,51,25,0,30
hovězí pečeně štěpánská houskové knedlíky domácí,56,45,0,30
luštěninové lasagne listy ledového salátu,45,0,0,55
bramborový nákyp s mletým masem červená řepa,60,35,0,30
těstoviny se zeleninou žampiony a vepř.masem rajčatový salát,51,25,0,40
mexické rizoto s drůbežím masem nakládaná cibulka,51,25,0,35
lívance se skořicí káva mléčná,73,0,40,15
rýžové špagety s tofu a zeleninou,5,0,0,55
sekaná pečeně bramborová kaše ledový salát s ředkvičkou,72,50,0,25
kuřecí plátek s anglickou slaninou a sýrem brambory vařené,57,50,0,35
džuveč pečivo,42,15,0,30
kaše z ovesných vloček sypaná skořicí ovocný kompot káva bílá,46,0,50,20
francouzské brambory okurka sterilovaná,50,25,0,40
kuřecí řízek smažený bramborová kaše,89,80,0,25
špenátové těstoviny s bešamelem šopský salát,13,0,0,50
bulgur se zeleninou sypané sýrem červená řepa,30,10,0,50
ovocné knedlíky sypané tvarohem maštěné máslem kakao nesquik,80,0,65,15
vepřové maso po cikánsku bulgur,38,35,0,45
rybí file zapečené s vejci brambory šťouchané s jarní cibulkou mrkvový salát,48,30,0,50
plovdivské maso bulgur,40,30,0,45
krůtí kostky na tymiánu rýže dušená,50,30,0,40
krůtí kostky v paprikové omáčce rýže dušená,50,30,0,40
rybí file zapečené s vejci brambory vařené s petrželkou strouhaná mrkvička,48,30,0,50
křenová omáčka hovězí maso vařené celozrnné houskové knedlíky,30,50,0,30
pštrosí vejce šťouchané brambory s jarní cibulkou salátová okurka,56,10,0,35
tofu na čínský způsob kuskus,0,0,0,55
hovězí líčka s kořenovou zeleninou těstoviny vařené,50,50,0,30
cizrnová kaše s jemným párkem a cibulovými kroužky ledový salát s ředkvičkou,45,10,0,20
těstoviny s brokolicí a nivou,21,0,0,50
rybí prsty smažené brambory vařené s petrželkou kapie,69,30,0,45
hovězí maso na žampiónech rýže jasmínová,52,50,0,35
karbanátek smažený bramborová kaše rajče,70,50,0,25
krůtí perkelt těstoviny rýžové,54,30,0,35
tarhoňa s houbovým prachem,12,0,0,30
krůtí prsa na rozmarýnu rýže dušená,55,40,0,40
šoulet vepřový plátek přírodní okurka sterilovaná,23,35,0,30
celer zapékaný se sýrem brambory opečené,28,0,0,45
vepřové nudličky s mandlemi a jasmínovou rýží,51,40,0,35
nugátové knedlíky,70,0,70,10
bulgur s vepřovým masem zeleninou a quinenou,32,25,0,50
brokolice zapékaná s lučinou brambory opečené čalamáda,25,0,0,55
kuskus kukuřičný s grilovanou zeleninou okurka salátová,20,0,0,55
bavorské vdolečky mléčný nápoj,87,0,50,10
květákové placičky brambory vařené s petrželkou tatarská omáčka,55,10,0,35
kapustové karbanátky bramborová kaše,45,15,0,40
vepřová plec na slanině rýže dušená,51,40,0,30
bavorské vdolečky káva bílá,87,0,70,10
rýžové knedlíky se švestkou sypané mákem kakao,60,0,65,10
babičino pečené kuře na tymiánu bramborové knedlíky,58,50,0,30
obalovaný květák smažený brambory vařené s petrželkou,58,0,0,30
spätzle s hruškama a tvarohem perníkový posyp horká čokoláda,59,0,50,15
sekaný biftek bramborová kaše listy ledového salátu,71,50,0,25
krůtí prsa se zeleninou ratatouille pyré z brambor a celeru,35,30,0,50
houskové knedlíky polévané jahodovou omáčkou ochucené mléko,60,0,75,10
škubánky s mákem mléko,62,0,65,10
vepřová panenka s fazolovými lusky brambory vařené,55,40,0,40
králičí stehno v hořčičné omáčce brambory šťouchané s jarní cibulkou,56,40,0,40
rybí filé zapečené se sýrem brambory vařené s petrželkou kapie,55,30,0,50
rizoto z vepřového masa sypané sýrem červená řepa,51,25,0,30
vepřová plec na slanině rýže jasmínová,51,40,0,30
pizza,90,25,0,25
kuřecí prsa na medu rýže jasmínová,51,40,0,30
hovězí maso vařené koprová omáčka celozrnné houskové knedlíky,60,50,0,30
luhačovický špaček bramborová kaše červená řepa,69,50,0,25
spätzle s hruškama a tvarohem perníkový posyp mléko,59,0,50,15
těstovinový salát se zeleninou a tuňákem pečivo,50,20,0,50
vepřové nudličky s mandlemi čínské nudle,49,40,0,30
krůtí kostky v paprikové omáčce těstoviny vařené,52,30,0,40
šopský salát pečivo,24,0,0,60
krupicová kaše s kakaem ovocný kompot ochucené mléko,45,0,60,10
dukátové buchtičky s krémem mléko ovocný kompot,85,0,70,10
kuřecí kousky přírodní rýže dušená,50,40,0,45
vepřová panenka pečená šťouchané brambory s pažitkou,60,50,0,35
rýžovo-jogurtové knedlíky s ovocem a zak.smetanou káva mléčná,69,0,65,10
šoulet s vepřovým plátkem obloha zeleninová,22,35,0,35
čočka na kyselo kuřecí marinovaný plátek okurka sterilovaná,37,10,0,50
bulgur se zeleninou sypané sýrem nakládaná cibulka,30,10,0,50
grenadýrský pochod kapie,44,20,0,30
cmunda po kaplicku,53,40,0,20
zeleninový salát s tuňákem a kuskusem pečivo,25,0,0,55
lečo s vejcem pečivo,45,0,0,45
rybí file na másle s citronem bramborová kaše,64,30,0,45
sekaná pečeně bramborová kaše okurka sterilovaná,72,50,0,25
přírodní karbanátek smažený s cibulkou hořčice chléb,60,50,0,20
trhané kuřecí maso americké brambory,54,40,0,30
hovězí maso na způsob španělského ptáčka houskové knedlíky s žemlí,60,30,0,35
lasagne s rybím masem bešamelem a špenátem listy ledového salátu,23,25,0,50
hamburská vepřová kýta celozrnné houskové knedlíky,56,35,0,35
kuřecí nudličky grilované s americkým bramborem listy římského salátu,58,30,0,40
hovězí maso na pepři bramborové noky,51,50,0,25
kantonské nudle s kuřecím masem čerstvá zelenina,44,30,0,50
vinná klobása bramborová kaše,85,40,0,20
alpský povidlový knedlík káva mléčná,70,0,65,10
těstoviny s tuňákem,40,20,0,50
holandský řízek bramborová kaše okurka sterilovaná,85,50,0,25
hovězí svíčková na smetaně houskové knedlíky s žemlí,70,50,0,25
hovězí gulaš těstoviny vařené,55,50,0,35
hrachová kaše s cibulkou marinovaný vepřový plátek,35,30,0,45
spätzle s hruškama a tvarohem perníkový posyp kakao nesquik,59,0,50,15
trhané vepřové maso brambory vařené tatarská omáčka,60,40,0,30
zapečená brokolice s bramborem a vaječnou zálivkou červená řepa,22,0,0,50
vepřová panenka s fazolovými lusky brambory opečené listy ledového salátu,55,50,0,35
krupicová kaše s kakaem ovocný kompot káva mléčná,45,0,60,10
rybí file zapečené s vejci brambory vařené kapie,48,30,0,45
hrachová kaše s cibulkou vejce vařené salát z bílého zelí,35,10,0,50
husí stehna pečená zelí dušené houskové knedlíky domácí,62,60,0,20
kuřecí řízek smažený bramborová kaše okurka sterilovaná,89,80,0,25
zapečené těstoviny s uzeným masem okurkový salát,53,40,0,30
kuřecí plátek přírodní rýže jasmínová,55,40,0,45
hrachová kaše s cibulkou kuřecí marinovaný plátek nakládané feferony,35,10,0,50
kantonské nudle s kuřecím masem ledový salát s ředkvičkou,45,30,0,50
kuřecí prsa na paprice těstoviny rýžové,59,40,0,35
ovocné knedlíky sypané tvarohem maštěné máslem,80,0,65,15
krůtí maso na slanině rýže dušená,51,40,0,40
vepřové kostky na fazolkách rýže dušená,44,40,0,35
rybí file na křenu se smetanou brambory vařené listy ledového salátu,57,30,0,50
sekané vepřové karbošky se zeleninou bramborová kaše kapie,65,50,0,25
luhačovický špaček bramborová kaše rajče,69,50,0,25
bretaňská zelenina na máslíčku americké brambory bylinkový dresink,35,0,0,55
kuřecí maso kung pao rýže jasmínová,50,40,0,40
vepřenky s cibulí a hořčicí brambory vařené,63,50,0,25
smetanové brambory zapečené se sýrem červená řepa,40,0,0,50
bulgur se zeleninou sypané sýrem okurka sterilovaná,30,10,0,50
šišky z kynutého těsta kakao,73,0,60,10
zapečené těstoviny s brokolicí a žampiony okurka salátová,30,0,0,50
palačinky s marmeládou kakao nesquik,95,0,80,10
rizoto z vepřového masa sypané sýrem okurkový salát,51,25,0,30
fazole chilli con carne chléb,45,40,0,35
žemlovka s jablky a tvarohem káva bílá,62,0,55,15
kuskus s ovocnou omáčkou a strouhaným tvarohem kakao nesquik,31,0,65,10
lasagne s mletým masem listy ledového salátu,60,50,0,30
pečené vepřové koleno dušené zelí bramborové knedlíky,55,60,0,20
rybí file na másle s citronem brambory šťouchané s pažitkou kapie,61,30,0,50
hovězí pečeně se svíčkovou omáčkou a brusinkami houskové knedlíky s žemlí,71,50,0,25
bramborový guláš pečivo,54,20,0,30
smažený květák brambory vařené s petrželkou tatarská omáčka,58,0,0,30
hovězí pečeně znojemská rýže dušená,54,50,0,30
šoulet s vepřovým plátkem zelný salát,25,35,0,30
krůtí paprikáš těstoviny rýžové,54,30,0,35
rybí prsty smažené bramborová kaše kapie,70,30,0,45
kuřecí závitek brambory šťouchané s pažitkou rajče,55,40,0,35
hovězí pečeně přírodní celozrnné houskové knedlíky,52,50,0,35
kuřecí nudličky na kari rýže jasmínová,50,40,0,45
lečo s vejci a uzeninou brambory vařené,55,30,0,35
bratislavské vepřové plecko houskové knedlíky domácí,50,50,0,30
tarhoňa se žampiony a houbovým prachem,13,0,0,40
domácí buchty plněné ovocný salát mléko,80,0,70,10
katův šleh rýže jasmínová,51,40,0,30
chilli con carne s mletým hovězím masem a fazolemi chléb,48,40,0,35
obalovaný losos s medem a hořčicí brambory vařené s petrželkou kapie,58,25,0,45
italský guláš bulgur,35,40,0,40
králičí stehno v hořčičné omáčce rýže dušená,55,40,0,40
lasagne s vanilkovým krémem a ovocem mléko,65,5,90,10
hrachová kaše s cibulkou pečené vepřové koleno,35,60,0,25
hovězí maso na pepři rýže dušená,51,65,0,30
zapečená brokolice s bramborem a vaječnou zálivkou nakládané feferony,22,10,0,65
tofu na čínský způsob rýže jasmínová,5,0,0,70
vepřová plec na slanině celozrnné houskové knedlíky,53,50,0,30
ovocné knedlíky sypané tvarohem maštěné máslem kakao,80,10,70,15
jáhlová kaše s medem a oříšky ovocný kompot horká čokoláda,40,0,50,35
holandský řízek bramborová kaše čerstvá zelenina,85,45,0,25
kuřecí kousky v mrkvi brambory vařené,48,30,0,40
domácí buchty plněné ochucené mléko,80,0,85,10
hovězí pečeně na slanině bramborové knedlíky,54,60,0,30
rýžová kaše s grankem maštěné máslem ovocný salát horká čokoláda,47,0,55,15
kuřecí kousky obalené v sezamu bramborová kaše,70,35,0,40
květákový mozeček brambory vařené s petrželkou okurkový salát,35,5,0,55
ovocné knedlíky sypané tvarohem maštěné máslem granko,80,10,70,15
kuře na nivě brambory opečené,55,35,0,30
kuskus po milánsku s vepřovým masem červená řepa,30,25,0,40
zeleninový salát s krabím masem toustový chléb,30,10,0,50
sojové maso na indický způsob tortilla,45,0,0,55
krůtí paprikáš těstoviny vařené,55,45,0,30
mexický guláš houskové knedlíky s žemlí,50,55,0,25
bulgur s vepřovým masem a zeleninou červená řepa,32,35,0,45
šišky z kynutého těsta granko,73,0,65,20
kotlíkový perkelt těstoviny vařené,52,60,0,20
vepřové kostky na kmíně rýže dušená s pečenou těstovinou,50,50,0,25
rybí file na másle s citronem brambory vařené obloha,61,0,0,45
kuřecí stehna na kysaném zelí bramborové knedlíky,62,50,0,35
halušky z bylinkového těsta,51,0,0,50
bulgur rizoto se zeleninou a kuřecím masem červená řepa,35,25,0,50
kuřecí prso na špejli zeleninové hranolky tatarská omáčka,55,30,0,25
kaše z ovesných vloček sypaná skořicí ovocný kompot granko,46,0,30,40
kuřeci prsa na česneku bramborové noky s čočkou,45,40,0,35
znojemská hovězí pečeně rýže dušená,52,60,0,30
zapečené rýžové špagety s mletým masem listy ledového salátu,58,40,0,25
zeleninový salát s krabím masem pečivo,29,10,0,45
kuřecí kousky se špenátem a těstovinou,40,30,0,40
těstovinový salát s makrelou chléb,48,5,0,50
nudle s mákem maštěné máslíčkem ovocný kompot kakao nesquik,60,0,55,25
zeleninové rizoto se sýrem okurka sterilovaná,40,0,0,50
vepřová panenka na slanince bramborové noky,58,55,0,30
chřest s holandskou omáčkou brambory vařené,25,0,0,60
sekaná pečeně štěpánská šťouchané brambory s jarní cibulkou okurka sterilovaná,64,45,0,35
mořská štika s bazalkou a rajčaty bramborová kaše červená řepa,60,0,0,45
zapečené těstoviny s uzeninou strouhaná mrkvička,52,30,0,30
rybí prsty smažené bramborová kaše šopský salát,70,0,0,30
špecle s mákem maštěné máslíčkem ovocný kompot ochucené mléko,59,0,55,20
francouzské brambory nakládané kukuřičky,50,10,0,50
trhané vepřové maso pečené brambory vařené dušená baby mrkvička,55,55,0,30
čočkové ragú se špagetami sypané sýrem nakládané kukuřičky,32,0,0,50
kuřecí závitek bramborová kaše okurka sterilovaná,60,40,0,35
bramborové šišky se strouhankou ovocný kompot,55,0,30,40
maso tří barev čínské nudle,47,45,0,25
ravioli s tvarohovou náplní sypané strouhankou ovocný kompot káva mléčná,58,0,50,20
palačinky s nutelou a smetanovým krémem kakao nesquik,92,0,95,10
vepřové medailonky na bílém pepři brambory opečené,55,55,0,30
pštrosí vejce bramborová kaše okurka sterilovaná,60,45,0,30
zeleninové lečo s vejci brambory vařené s petrželkou,45,0,0,60
džuveč nakládaná cibulka,40,30,0,40
obalovaná treska se sýrem bramborová kaše čerstvá zelenina,60,0,0,35
sekaný biftek bramborová kaše,70,50,0,30
kantonské nudle z vepřového masa okurka sterilovaná,45,55,0,25
šoulet s vepřovým plátkem mrkvový salát,25,50,0,35
obalovaná treska s bylinkovou omáčkou bramborová kaše kapie,60,0,0,45
vepřové kostky na kmíně rýže jasmínová,50,50,0,25
vepřová plec na kmíně rýže dušená,50,50,0,25
vepřový guláš těstoviny vařené,52,60,0,25
kuřecí paličky pečené rýže dušená,58,45,0,30
chřest s holandskou omáčkou brambory opečené,25,0,0,50
vepřenky s cibulí a hořčicí brambory vařené s petrželkou,63,55,0,35
rybí filé zapečené se sýrem brambory vařené kapie,55,0,0,40
bramborové taštičky se sýrem čerstvá zelenina,49,0,0,45
houbový kuba okurka sterilovaná,50,0,0,50
vepřová plec na slanině brambory vařené,51,50,0,30
kuřecí maso na zázvoru brambory vařené s petrželkou,55,35,0,35
zapečené těstoviny s uzeninou salát čínský,52,30,0,30
krůtí svíčková na smetaně houskové knedlíky s žemlí,70,45,0,30
hovězí gulaš houskové knedlíky domácí,55,50,0,25
ravioli plněné s jahodovým přelivem mléko,60,0,65,20
kuskus se zeleninou a drůbežím masem listy římského salátu,24,25,0,50
špagety s kuřecím masem sypané sýrem,60,35,0,35
debrecínský vepřový guláš těstoviny vařené,54,50,0,25
zapečené brambory se smetanou a marinovaná vepřová panenka,58,45,0,30
kuřecí nudličky na kari jasmínová rýže,50,40,0,35
vepřové výpečky houskové knedlíky domácí špenát dušený,54,55,0,25
spätzle s borůvkovou omáčkou kakao,60,0,50,20
kuřecí kousky obalené v sezamové strouhance bramborová kaše rajče,70,35,0,35
rybí file na másle s citronem bramborová kaše okurkový salát,64,0,0,40
vepřové maso na zázvoru pečené s bramborami,53,50,0,30
čočka na přírodní způsob kuřecí stehenní řízek marinovaný nakládaná cibulka,44,35,0,40
kuřecí nudličky wok rýže dušená,50,40,0,35
vepřové maso po cikánsku těstoviny vařené,52,50,0,30
kuřecí nudličky grilované s americkým bramborem mrkvový salát,58,45,0,35
kuskus s grilovanou zeleninou ledový salát s ředkvičkou,20,0,0,50
francouzské brambory čalamáda,50,10,0,40
zeleninové rizoto se sýrem a pečenou těstovinou,42,0,0,50
lososvé nugety se salátkem z rukoly a polníčku zeleninové hranolky,40,0,0,45
těstovinový salát pečivo,38,5,0,50
rybí file na másle s citronem brambory vařené s petrželkou,61,0,0,40
italský guláš rýže dušená,50,50,0,30
kantonské nudle s kuřecím masem červená řepa,44,35,0,35
rybí nugety z aljašské tresky bramborová kaše listy ledového salátu,67,0,0,40
rýžový nákyp s ovocem kakao,60,0,50,25
krůtí roláda brambory šťouchané s jarní cibulkou čalamáda,58,45,0,35
vepřový guláš rýže dušená,51,50,0,25
luštěninové rizoto čalamáda,38,0,0,50
vepřové výpečky dušené hlávkové zelí bramborové knedlíky,56,55,0,25
sýrové tortellini v rajčatové omáčce,38,0,0,45
rizoto z vepřového masa sypané sýrem okurka salátová,51,25,0,30
spätzle s borůvkovou omáčkou ovocný kompot kakao nesquik,60,0,50,20
obalovaný květák smažený brambory vařené s petrželkou tatarská omáčka,59,0,0,40
krůtí maso s křenovou omáčkou bramborové noky,38,45,0,35
hovězí maso na pepři rýže dušená s pečenou těstovinou,52,60,0,25
moravský vrabec špenát dušený bramborové noky,51,55,0,30
mexické fazole v tortille listy ledového salátu,20,10,0,45
mořská štika s bazalkou a rajčaty brambory vařené čalamáda,58,0,0,45
luštěninové lasagne obloha zeleninová,42,0,0,50
lasagne s vanilkovým krémem a ovocem horká čokoláda,65,5,90,10
bramborové noky s uzeným masem a zelím,55,45,0,30
jitrnicový prejt brambory vařené zelí kysané,54,50,0,25
maďarský tokáň těstoviny vařené,51,55,0,25
koprová omáčka vejce vařené špaldové knedlíky,54,0,0,40
studentské špagety,58,25,0,35
brokolice zapékaná s nivou brambory vařené s petrželkou,25,0,0,45
makové šišky z brambor. těsta maštěné máslíčkem kakao nesquik,60,0,65,20
brambory po milánsku červená řepa,26,10,0,40
bramborák - se zelím,42,25,0,40
vepřové kostky na žampionech rýže dušená,50,50,0,25
pečená tarhoňa s restovanou zeleninou a tofu okurka salátová,0,0,0,55
mletý řízek s nivou bramborová kaše,66,50,0,30
palačinky s nutelou a smetanovým krémem granko,92,0,90,15
zeleninový salát s krabím masem celozrnná bageta,30,10,0,45
srbské rizoto okurka sterilovaná,51,25,0,35
alpský povidlový knedlík granko,70,0,55,25
luštěninové lasagne rajče,45,0,0,50
hovězí maso na česneku bramborové knedlíky špenátové,50,60,0,30
játrová omáčka houskové knedlíky s žemlí,34,50,0,25
bulgur s vepřovým masem a zeleninou listy ledového salátu,32,35,0,45
čočkové karbanátky bramborová kaše rajče,45,0,0,45
dukátové buchtičky s krémem káva bílá,85,0,70,15
vepřenky s cibulí bramborová kaše červená řepa,65,55,0,30
kantonské nudle s kuřecím masem zelný salát s mrkví,45,35,0,40
škubánky s mákem jahodový koktejl,62,0,50,20
moravský vrabec bramborové knedlíky špenát dušený,55,55,0,30
bramborové šišky se strouhankou kakao nesquik,55,0,30,25
hamburská vepřová kýta houskové knedlíky domácí,56,55,0,30
vepřový řízek smažený bramborová kaše okurka sterilovaná,86,80,0,20
rybí file na křenu se smetanou brambory vařené s petrželkou rajčatový salát,58,0,0,45
hovězí maso na žampiónech houskové knedlíky domácí,54,60,0,25
salát z rýžových těstovin a kuřecím masem,25,25,0,50
rýžové těstoviny s krůtím m. zeleninou a žampiony,42,35,0,45
císařské brambory nakládané kukuřičky,45,10,0,40
rybí file na křenu se smetanou brambory vařené rajčatový salát,58,0,0,45
maso tří barev rýže jasmínová mrkvový salát,51,45,0,35
vepřový guláš houskové knedlíky domácí,52,50,0,25
vepřová panenka s fazolovými lusky brambory opečené kapie,55,55,0,30
lasagne s mletým masem listy římského salátu,60,30,0,40
bavorské vdolečky ochucené mléko,87,0,60,15
spätzle s borůvkovou omáčkou kakao nesquik,60,0,50,20
rýžové nudle s borůvkovou omáčkou granko,58,0,50,20
rýžový nákyp s ovocem mléčný nápoj,60,0,50,25
těstoviny s krůtím masem zeleninou a žampiony kapie,50,35,0,40
zapečené brambory se smetanou a vepřovou kotletou listy ledového salátu,53,45,0,30
krupicová kaše s kakaem ovocný kompot horká čokoláda,45,0,55,20
fazolový kotlík pečivo,33,0,0,50
štěpánská hovězí pečeně celozrnné houskové knedlíky,55,60,0,30
hovězí maso po provensálsku rýže dušená,50,50,0,25
těstovinový salát s lososem toustový chléb,53,10,0,45
šišky z kynutého těsta kakao nesquik,73,0,55,20
španělský ptáček špaldové knedlíky,62,55,0,30
dukátové buchtičky s krémem horká čokoláda,85,0,70,15
rýžová kaše s grankem maštěné máslem ovocný kompot horká čokoláda,47,0,55,25
králík na černo bramborové knedlíky,56,60,0,30
hovězí pečeně frankfurtská houskové knedlíky domácí,60,60,0,25
císařské brambory,45,10,0,40
lasagne s brokolicí a sýrem kapie,24,0,0,50
rýžová kaše s grankem maštěné máslem kakao nesquik,45,0,55,20
plovdivské maso těstoviny rýžové ledový salát s ředkvičkou,52,50,0,40
bulgur se zeleninou sypané sýrem zelný salát,30,0,0,50
šoulet s vepřovým plátkem čalamáda,25,50,0,30
hovězí dušené kostky na zelenině těstoviny vařené,50,55,0,25
halušky se zelím a slaninou listy ledového salátu,61,45,0,35
hovězí pečeně přírodní rýže dušená,50,60,0,25
vepřové maso po cikánsku tarhoňa,38,50,0,30
halušky z bylinkového těsta s brynzou,39,10,0,50
moravský vrabec špenát dušený bramborové knedlíky,55,55,0,30
jáhlová kaše s medem a oříšky ovocný kompot káva mléčná,40,0,50,35
poděbradské maso těstoviny vařené,55,55,0,25
čočka na kyselo medová šunka okurka sterilovaná,33,0,0,50
bramborový nákyp s mletým masem listy ledového salátu,60,35,0,40
šišky z kynutého těsta jogurt ovocný kakao,73,0,50,20
obalovaná treska se sýrem bramborová kaše rajče,60,0,0,40
krupicová kaše s kakaem káva bílá,45,0,55,20
zapečený květák s uzeným sýrem brambory vařené s petrželkou rajče,26,0,0,50
francouzské brambory okurkový salát,50,10,0,40
babičino pečené kuře na tymiánu brambory opečené,57,50,0,35
bramborové šišky se strouhankou ovocný kompot káva bílá,55,0,30,25
špagety s tuňákem řepný salát s křenem,58,25,0,45
hovězí pečeně přírodní houskové knedlíky domácí,52,60,0,25
grilovaná bretaňská zelenina brambory opečené bylinkový dresink,35,0,0,50
rizoto z vepřového masa sypané sýrem,51,25,0,40
brambory s tvarohem maštěné máslíčkem acidofilní mléko,55,0,0,45
lasagne s vanilkovým krémem a ovocem kakao,65,5,70,15
tarhoňa s houbovým prachem rajčatový salát,13,0,0,50
nudlový nákyp s tvarohem a jablky kakao,58,0,50,25
luštěninové rizoto s kroupami a vepřovým masem,38,35,0,45
zapečená brokolice s bramborem a vaječnou zálivkou kapie,22,10,0,50
vepřové kostky na pepři těstoviny vařené,53,50,0,30
hovězí svíčková na smetaně houskové knedlíky domácí,70,60,0,25
kuřecí plátek přírodní bulgur,39,30,0,85
grenadýrský pochod čerstvá zelenina,44,10,0,90
hrachová kaše s cibulkou marinovaný vepřový plátek zelný salát,35,45,0,75
vepřová panenka na sekané bazalce brambory opečené okurkový salát,60,60,0,70
rybí filety na drceném kmíně brambory vařené s petrželkou,60,25,0,75
rybí file na másle s citronem bramborová kaše rajče,64,25,0,75
dukátové buchtičky s krémem granko,85,0,85,30
vepřová pečeně po selsku špenát dušený brambory vařené,51,55,0,65
kuřecí marinovaný plátek hrachová kaše s cibulkou salát z bílého zelí,42,30,0,70
krůtí prsa na žampionech rýže dušená,55,35,0,70
špagety s tuňákem,60,15,0,60
vepřenky s cibulí brambory vařené okurkový salát,61,50,0,65
zapečené těstoviny s brokolicí a žampiony rajčatový salát,30,10,0,75
vepřová roláda s medvědím česnekem bramborové knedlíky,54,65,0,65
šoulet zelný salát,20,10,0,85
gnocchi s kuřecím masem list špenátem a smetanou okurka sterilovaná,18,25,0,70
boloňské špagety s luštěninovou směsí a sýrem,39,20,0,70
čočkový salát s vejci pečivo rajčatový salát,23,0,0,85
mix trhaných salátů s rajčaty karotkou a kuř.masem pečivo,40,20,0,90
nudle s mákem maštěné máslíčkem ovocný kompot granko,60,0,50,45
lasagne s brokolicí a sýrem listy ledového salátu,24,10,0,70
hovězí gulaš celozrnné houskové knedlíky,55,50,0,60
domácí buchty plněné mléko,80,0,70,35
fazole chilli con carne,42,65,0,50
rybí filé zapečené se sýrem bramborová kaše,60,35,0,70
chřest s holandskou omáčkou brambory vařené s petrželkou,25,0,0,80
škubánky s mákem ovocný kompot ochucené mléko,62,0,55,40
rybí file zapečené s vejci zeleninové hranolky kapie,39,30,0,70
kuřecí stehno uzené bramborová kaše okurka salátová,65,30,0,65
krupicová kaše s kakaem ovocný kompot granko,45,0,60,35
rybí filé zapečené se sýrem brambory vařené s petrželkou strouhaná mrkvička,55,35,0,70
kuřecí perkelt rýže dušená,54,35,0,65
smetanové brambory zapečené se sýrem nakládané kukuřičky,40,10,0,65
vepřová kotleta se sýrem a šunkou brambory vařené s petrželkou kapie,51,55,0,60
rybí prsty smažené brambory vařené s petrželkou rajče,69,25,0,60
hovězí maso na žampionech rýže dušená,52,50,0,65
segedínský guláš celozrnné houskové knedlíky,52,55,0,60
malinový nákyp mléko,65,0,45,40
kukuřičný klas restovaná zelenina na másle pečivo,35,0,0,85
kuřecí prsíčka na zelenině těstoviny vařené,50,25,0,70
šišky z kynutého těsta horká čokoláda,73,0,80,40
krůtí kostky na žampionech rýže jasmínová,51,35,0,70
kantonské nudle s kuřecím masem kapie,45,30,0,65
vepřový kostky a-la bažant bramborové knedlíky,55,60,0,65
luštěninové rizoto s kroupami a vepřovým masem okurka sterilovaná,38,35,0,70
játrová omáčka divoká rýže,20,40,0,60
vepřová plec na kmíně rýže jasmínová,50,50,0,65
cibulové kroužky s pikantní rajčatovou omáčou obloha zeleninová,52,0,0,50
hovězí pečeně po pražsku bramborové šišky,54,50,0,65
těstovinový salát s lososem pečivo,51,10,0,85
hrachová kaše s cibulkou plátek šunky od kosti salát z bílého zelí,35,30,0,75
kuřecí maso na zázvoru bramborové šišky,51,35,0,70
hovězí maso na pepři rýže divoká,51,50,0,65
kotlíkový perkelt špecle,49,50,0,60
srbské rizoto,51,30,0,60
mexický guláš těstoviny vařené,52,50,0,65
krůtí maso pečené grilovaná bretaňská zelenina brambory vařené,40,45,0,70
restovaná vepřová játra rýže dušená,49,50,0,60
hovězí pečeně přírodní bulgur,40,50,0,70
kuřecí stehna na kysaném zelí bramborové knedlíky míchaný zeleninový salát,62,30,0,65
maso tří barev bulgur,35,50,0,70
bulgur se zeleninou a quineou sypané sýrem čalamáda,30,15,0,85
kuřecí nudličky grilované s americkým bramborem okurka salátová,58,30,0,65
dušená játra na cibulce brambory vařené,50,50,0,65
studentský řízek bramborová kaše rajče,75,65,0,55
srbské rizoto nakládané kukuřičky,51,30,0,60
jáhlová kaše s medem a oříšky ovocný kompot kakao,40,0,70,40
moravský vrabec bramborové knedlíky,57,55,0,60
kuřecí kousky obalené v sezamové strouhance brambory vařené s petrželkou,64,30,0,60
žemlovka s jablky a tvarohem granko,62,0,70,40
játrová omáčka bulgur,5,40,0,60
rybí file na másle s citronem brambory šťouchané s jarní cibulkou strouhaná mrkvička,60,25,0,70
štěpánská hovězí pečeně houskové knedlíky s žemlí,55,55,0,60
rybí file na křenu se smetanou brambory vařené s petrželkou rajče,58,25,0,70
houskové knedlíky polévané jahodovou omáčkou kakao,60,0,60,40
krůtí maso po zahradnicku těstoviny vařené,51,35,0,70
kuřecí maso po čínsku rýže jasmínová,50,35,0,70
kuřecí marinovaný plátek brambory opečené listy ledového salátu,55,60,0,55
debrecínský vepřový guláš houskové knedlíky s žemlí,54,50,0,60
koprová omáčka vejce vařené celozrnné houskové knedlíky,54,0,0,60
zapečené těstoviny s uzeninou nakládaná cibulka,52,35,0,55
cizrnová kaše s jemným párkem a cibulovými kroužky kečup,45,20,0,40
sekaná pečeně bramborová kaše nakládaná cibulka,72,50,0,55
hovězí maso na česneku bramborové noky,51,50,0,60
luštěninové lasagne okurka salátová,44,10,0,70
tortellini s houbovou omáčkou,42,0,0,60
hovězí maso na španělský způsob rýže dušená,56,50,0,65
krůtí maso pečené dušený hrášek brambory vařené,40,40,0,70
grilovaná bretaňská zelenina americké brambory bylinkový dresink,35,0,0,70
hovězí maso na česneku špaldové knedlíky,53,50,0,65
houbová omáčka houskové knedlíky domácí,42,0,0,65
vepřenky s cibulí bramborová kaše rajče,65,50,0,60
bulgurový pilaf se sumečkem ledový salát,25,15,0,85
brokolice zapékaná s lučinou brambory opečené,25,10,0,70
plněné pečené papriky s balkánským sýrem a olivami listový salát,11,0,0,65
čevabčiči s cibulí a hořčicí brambory vařené,68,60,0,55
obalovaná treska s bylinkovou omáčkou brambory vařené s petrželkou rajče,56,25,0,65
karbanátky pečené bramborová kaše čalamáda,68,55,0,60
zapečené palačinky s tvarohem mléko,75,0,50,45
vepřové kostky na kmíně bulgur,40,60,0,70
krůtí prsa se zeleninou ratatouille brambory opečené,40,45,0,70
gnocchi s dušeným zelím a opečeným tofu,5,0,0,80
rybí filety na drceném kmíně brambory šťouchané s jarní cibulkou rajče,60,25,0,70
rybí file na křenu se smetanou brambory šťouchané s pažitkou kapie,57,25,0,70
čočka na kyselo vaječná omeleta salát z bílého zelí,46,0,0,75
segedínský guláš houskové knedlíky s žemlí,52,55,0,60
vepřová panenka na sekané bazalce bramborové knedlíky,60,60,0,65
šoulet s vepřovým plátkem salát z bílého zelí,25,50,0,65
mexické rizoto s vepřovým masem ledový salát s ředkvičkou,51,50,0,65
krůtí prsa na houbách žampionech rýže dušená,55,45,0,70
kuřecí kousky na mrkvi těstoviny vařené,49,30,0,70
milánské špagety,58,30,0,60
hovězí pečeně na paprikách těstoviny vařené,54,50,0,65
grenadýrský pochod zeleninový salát,44,10,0,85
ravioli plněné s jahodovým přelivem káva bílá,60,0,70,40
hot dog,64,40,0,40
rybí filety na drceném kmíně bramborová kaše kapie,63,25,0,70
hovězí líčka s kořenovou zeleninou brambory vařené,50,50,0,70
studentský řízek bramborová kaše salátová okurka,75,65,0,55
špagety s tuňákem ledový salát s ředkvičkou,60,15,0,60
kuřecí prsa na paprice houskové knedlíky domácí,60,30,0,65
hovězí maso na česneku bramborové knedlíky,53,50,0,65
maso dvou barev brambory vařené,50,50,0,65
plovdivské maso houskové knedlíky s žemlí,53,50,0,65
kuřecí plátek přírodní rýže dušená,55,30,0,70
holandský řízek bramborová kaše listy ledového salátu,85,65,0,60
mletý řízek s nivou šťouchané brambory s pažitkou ledový salát,63,65,0,60
spatzle se zelím a slaninou sypané cibulkou,49,30,0,55
těstoviny s brokolicí a nivou mrkvový salát,22,10,0,75
kachní stehno pečené červené zelí dušené houskové knedlíky s žemlí,67,65,0,55
tarhoňa se žampiony a houbovým prachem čalamáda,13,10,0,70
fazolový guláš s drůbežím salámem pečivo,43,40,0,55
mořská štika s bazalkou a rajčaty bramborová kaše,60,25,0,70
vepřový plátek přírodní rýže dušená,50,50,0,65
špecle s mákem maštěné máslíčkem ovocný kompot kakao nesquik,59,0,60,40
kuskus se zeleninou a drůbežím masem červená řepa,24,30,0,75
smetanové brambory zapečené se sýrem salát z bílého zelí,40,10,0,70
halušky z bylinkového těsta listy ledového salátu,51,0,0,65
holandský řízek bramborová kaše,85,65,0,60
dušené hovězí maso s paprikami těstoviny pečené,51,50,0,60
hovězí maso vařené křenová omáčka vdolek,45,50,0,60
hovězí pečeně frankfurtská těstoviny vařené,60,50,0,60
mletý řízek s nivou bramborová kaše okurka sterilovaná,66,65,0,55
lasagne s rybím masem bešamelem a špenátem rajče,23,20,0,65
salát z rýžových těstovin se zeleninou a tuňákem,25,10,0,85
hrachová kaše s cibulkou sázené vejce,35,0,0,75
kantonské nudle z vepřového masa listy ledového salátu,45,50,0,65
bramborové knedlíky plněné uzeným masem okurka sterilovaná,51,50,0,60
luštěninové rizoto s kroupami a vepřovým masem zelný salát s mrkví,38,35,0,70
hamburská vepřová kýta houskové knedlíky s žemlí,56,60,0,60
lasagne s rybím masem bešamelem a špenátem,23,20,0,65
hovězí maso na španělský způsob houskové knedlíky s žemlí,60,50,0,60
kuřecí prsa na paprice těstoviny vařené,60,30,0,65
hovězí pečeně štěpánská houskové knedlíky s žemlí,56,50,0,60
jáhlová kaše s medem a oříšky banánový koktejl,40,0,60,40
kuřecí roláda plněná špenátem anglickou slaninou brambory vařené s petrželkou salát z červené řepy a koriandru,59,40,0,70
plovdivské maso bramborové knedlíky,53,50,0,65
babičino pečené kuře na tymiánu rýže jasmínová,56,40,0,70
pohanková kaše slazená medem sypanám kakaem mléčný nápoj,45,0,65,40
čevabčiči s cibulí a hořčicí brambory vařené s petrželkou,68,60,0,55
tarhoňa se žampiony a houbovým prachem kapie,13,10,0,70
vepřové maso po znojemsku rýže dušená,51,50,0,65
hovězí pečeně štěpánská rýže dušená,55,50,0,65
vepřová pečeně dušená baby mrkvička brambory vařené,50,55,0,65
katův šleh bramboráčky,55,60,0,55
vepřová plec na kmíně špaldové knedlíky,50,50,0,60
bramborové šišky se strouhankou,55,0,0,70
bulgur rizoto se zeleninou a kuřecím masem salátová okurka,35,25,0,80
těstoviny zapečené se zeleninou a žampiony,39,10,0,75
vepřový plátek přírodní smetanové brambory zapečené se sýrem,55,50,0,65
krůtí roláda bramborová kaše,62,35,0,65
rybí filety na drceném kmíně bramborová kaše čalamáda,63,25,0,70
hovězí gulaš houskové knedlíky s žemlí,55,50,0,60
krůtí maso po zahradnicku špecle,49,35,0,70
ravioli s tvarohovou náplní sypané strouhankou mléko,58,0,65,40
krůtí roláda bramborová kaše okurka salátová,62,35,0,65
vepřové trhané maso grilovaná bretaňská zelenina bramborové noky,44,55,0,65
hovězí pečeně se svíčkovou omáčkou a brusinkami houskové knedlíky domácí,71,60,0,60
mexické rizoto s vepřovým masem strouhaná mrkvička,51,50,0,65
kuřecí nudličky grilované s americkým bramborem,58,30,0,65
zapečený květák čerstvá zelenina,22,0,0,80
kaše z ovesných vloček sypaná skořicí horká čokoláda,46,0,65,45
dukátové buchtičky s krémem kakao nesquik,85,0,70,40
žemlovka s jablky a tvarohem kakao nesquik,62,0,65,40
nugátové knedlíky ochucené mléko,70,0,75,40
zeleninové rizoto se sýrem rajče,40,10,0,75
křenová omáčka uzená krkovice vdolek,45,50,0,60
kuřecí roláda brambory vařené červená řepa,55,40,0,70
houbový kuba nakládaná cibulka,50,0,0,75
velikonoční nádivka se špenátovými brambory,30,25,0,70
vepřové maso na mrkvi brambory vařené,48,50,0,65
čočkový karbanátek bramborová kaše listy ledového salátu,45,10,0,75
žemlovka s jablky ochucené mléko,62,0,65,40
těstoviny s tvarohem maštěné máslem ovocný kompot horká čokoláda,60,0,60,45
zapečený květák brambory vařené rajče,32,0,0,70
hovězí pečeně po pražsku celozrnné houskové knedlíky,58,50,0,60
škubánky s mákem kakao,62,0,55,40
houbová omáčka špaldové knedlíky,42,0,0,65
vepřové medailonky na bílém pepři brambory opečené rajče,55,55,0,65
zapečené těstoviny s uzeným masem okurka sterilovaná,53,40,0,55
sekaný králičí řízek se švestkovou omáčkou bramborové šišky,62,60,35,45
vepřové výpečky zelí dušené bramborové knedlíky,56,65,0,40
těstoviny se zeleninou žampiony a vepř.masem,51,25,0,50
vepřová panenka na slanince rýže divoká,58,55,0,50
rizoto zeleninové s hlívou ústřičnou a sýrem rajčatový salát,28,10,0,70
kuřecí medailonky rýže dušená,52,50,0,55
vepřové plecko na zelenině těstoviny vařené,43,45,0,45
zeleninový salát s tuňákem a kuskusem,18,5,0,80
bramborový guláš s uzeninou chléb,54,20,0,40
sekaná svíčková na smetaně houskové knedlíky domácí,70,55,0,35
rybí prsty smažené bramborová kaše strouhaná mrkvička,70,30,0,40
vepřová panenka na sekané bazalce rýže jasmínová hlávkový salát,57,50,0,55
francouzské brambory nakládané feferony,50,35,0,45
hrachová kaše s cibulkou kuřecí uzená prsa rajče,37,40,0,60
kuřecí plátek s anglickou slaninou a sýrem brambory vařené s petrželkou okurkový salát,58,45,0,50
domácí buchty plněné kakao,80,0,85,25
přírodní karbanátek smažený s cibulkou bramborová kaše okurka sterilovaná,64,40,0,40
rybí filé zapečené se sýrem brambory vařené s petrželkou rajče,55,20,0,50
rýžovo-jogurtové knedlíky s ovocem a zak.smetanou kakao nesquik,69,0,70,35
brokolice se sýrovou omáčkou brambory vařené,22,0,0,65
gnocchi se slaninou zakys.smetanou jarní cibulkou,20,20,0,45
vepřová kýta na smetaně houskové knedlíky s žemlí,50,60,0,35
rybí file na křenu se smetanou brambory vařené s petrželkou,58,20,0,50
kuřecí kousky obalené v sezamu šopský salát,40,50,0,55
čočka na přírodní způsob kuřecí plátek přírodní zelný salát,40,40,0,60
vepřová pečeně kukuřice na másle brambory vařené,57,50,0,55
kotlíkový perkelt celozrnné houskové knedlíky,52,55,0,50
grilované kuřecí stehno brambory vařené,63,50,0,55
těstoviny se zeleninovou směsí a žampiony,39,0,0,65
mořská štika s bazalkou a rajčaty bramborová kaše rajče,60,25,0,50
játrová omáčka houskové knedlíky domácí,34,20,0,40
jáhlovo-babánová kaše s čokoládovým posypem horká čokoláda,40,0,60,25
kuřecí závitek rýže dušená,55,50,0,55
vepřové plecko na zelenině brambory vařené,43,45,0,50
grenadýrský pochod čalamáda,44,10,0,50
krůtí maso po zahradnicku rýže jasmínová,50,55,0,60
gnocchi s grilovanou zeleninou a parmazánem,27,5,0,70
maso dvou barev rýže dušená se zeleným hráškem,49,55,0,55
maso dvou barev rýže jasmínová,50,55,0,55
zeleninové rizoto se sýrem,40,0,0,65
hovězí pečeně po pražsku brambory vařené,57,60,0,40
vepřové trhané maso dušené zelí houskové knedlíky domácí,57,55,0,40
čočka na kyselo jemný párek zelný salát,52,5,0,55
maso dvou barev rýže dušená,50,55,0,55
dukátové buchtičky s krémem mléko,85,0,85,20
vepřová kýta po selsku bramborové knedlíky červené zelí dušené,51,60,0,40
zeleninové rizoto se sýrem salát z bílého zelí,40,0,0,65
karbanátky pečené brambory šťouchané s jarní cibulkou čerstvá zelenina,63,40,0,45
krůtí maso pečené dušená zelenina brambory vařené,40,50,0,55
jáhlová kaše s medem a oříšky ovocný kompot granko,40,0,50,35
zapečený květák s uzeným sýrem brambory vařené,25,5,0,55
trhanec s rozinkami a vanilkovou omáčkou,60,0,75,20
bavorské vdolečky horká čokoláda,87,0,85,20
houskové knedlíky polévané jahodovou omáčkou kakao nesquik,60,0,95,20
obalovaný květák smažený brambory vařené tatarská omáčka,59,5,0,50
makové šišky z brambor. těsta maštěné máslíčkem ovocný kompot bílá káva,60,0,65,30
halušky z bylinkového těsta obloha,51,0,0,55
obalovaný filet z aljašké tresky brambory vařené s petrželkou,59,20,0,50
kuřecí kousky na mrkvi brambory vařené,48,50,0,55
uzená krkovice česneková omáčka vdolek,45,55,0,45
hovězí plátek bratislavský houskové knedlíky domácí,53,60,0,40
čočkový karbanátek bramborová kaše kapie,45,15,0,50
plněné pečené papriky s balkánským sýrem a olivami pečivo,13,5,0,60
vepřová panenka s fazolovými lusky,47,50,0,55
císařské brambory řepný salát s křenem,44,20,0,45
bramborový guláš s uzeninou pečivo,54,25,0,40
kuřecí paličky pečené v marinádě bbq rýže jasmínová,61,50,0,55
vepřová kotleta po italsku těstoviny vařené,52,55,0,50
houskové knedlíky polévané jahodovou omáčkou káva bílá,60,0,95,20
rybí prsty smažené bramborová kaše,70,30,0,40
květákový mozeček brambory vařené s petrželkou rajče,35,0,0,55
krupicová kaše s kakaem kakao nesquik,45,0,65,30
spätzle s malinovou omáčkou kakao nesquik,60,0,70,30
ovocné knedlíky sypané tvarohem maštěné máslem ochucené mléko,80,0,85,35
krupicová kaše s kakaem horká čokoláda,45,0,65,30
veganské masové koule v rajčatové omáčce těstoviny vařené,56,0,0,65
jáhlová kaše s medem a oříšky ovocný kompot kakao nesquik,40,0,50,35
uzená krkovice chlupaté knedlíky dušené zelí,55,55,0,40
luštěninová směs na smetaně vepřové maso pečené,38,40,0,50
nudle s mákem maštěné máslíčkem ovocný kompot káva mléčná,60,0,60,30
grenadýrský pochod listy ledového salátu,44,10,0,50
čočkový salát pečivo,20,0,0,60
vepřenky s cibulí a hořčicí brambory vařené listy ledového salátu,63,50,0,45
krůtí prsa na houbách rýže dušená,50,50,0,55
pečené kuře rýže dušená salát z bílého zelí,59,50,0,55
šišky z kynutého těsta ovocný jogurt káva mléčná,73,0,55,30
kuřecí roláda plněná špenátem anglickou slaninou bramborová kaše listy ledového salátu,60,50,0,55
vepřová pečeně po selsku bramborové knedlíky červené zelí dušené,57,60,0,40
kuřecí kostky na pórku rýže dušená,50,50,0,55
